,id,Unnamed: 1,link,position,decl_title,decl_link
301,ԱԾՈՒԳ_01,3,http://cpcarmenia.am//hy/declarations-registry/user_id=19258/,ՀՀ գլխավոր դատախազի՝ ապօրինի ծագում ունեցող գույքի բռնագանձմանն ուղղված գործառույթների ոլորտը համակարգող տեղակալ,Պաշտոնատար անձի տարեկան հայտարարագիր--- (2021),http://cpcarmenia.am/hy/declarations-registry/id=97327/
305,ԱԾՈՒԳ_02,3,http://cpcarmenia.am//hy/declarations-registry/user_id=19060/,ՀՀ գլխավոր դատախազության ապօրինի ծագում ունեցող գույքի բռնագանձման գործերով վարչության պետ,Պաշտոնատար անձի տարեկան հայտարարագիր--- (2021),http://cpcarmenia.am/hy/declarations-registry/id=88230/
311,ԱԾՈՒԳ_03,5,http://cpcarmenia.am//hy/declarations-registry/user_id=4573/,ՀՀ գլխավոր դատախազության ապօրինի ծագում ունեցող գույքի բռնագանձման գործերով վարչության պետի տեղակալ,Պաշտոնատար անձի տարեկան հայտարարագիր--- (2021),http://cpcarmenia.am/hy/declarations-registry/id=100378/
315,ԱԾՈՒԳ_04,3,http://cpcarmenia.am//hy/declarations-registry/user_id=19953/,ՀՀ գլխավոր դատախազության ապօրինի ծագում ունեցող գույքի բռնագանձման գործերով վարչության դատախազ,Պաշտոնատար անձի տարեկան հայտարարագիր--- (2021),http://cpcarmenia.am/hy/declarations-registry/id=93522/
316,ԱԾՈՒԳ_05,0,http://cpcarmenia.am//hy/declarations-registry/user_id=36727/,ՀՀ գլխավոր դատախազի՝ ապօրինի ծագում ունեցող գույքի բռնագանձմանն ուղղված գործառույթների ոլորտը համակարգող տեղակալի օգանական,Պաշտոնատար անձի պաշտոնեական պարտականություններն ստանձնելու հայտարարագիր--- (2022),http://cpcarmenia.am/hy/declarations-registry/id=81374/
319,ԱԾՈՒԳ_06,2,http://cpcarmenia.am//hy/declarations-registry/user_id=27822/,ՀՀ գլխավոր դատախազության ապօրինի ծագում ունեցող գույքի բռնագանձման գործերով վարչության դատախազ,Պաշտոնատար անձի տարեկան հայտարարագիր--- (2021),http://cpcarmenia.am/hy/declarations-registry/id=81698/
322,ԱԾՈՒԳ_07,2,http://cpcarmenia.am//hy/declarations-registry/user_id=27823/,ՀՀ  գլխավոր դատախազության ապօրինի ծագում ունեցող գույքի բռնագանձման գործերով վարչության դատախազ,Պաշտոնատար անձի տարեկան հայտարարագիր--- (2021),http://cpcarmenia.am/hy/declarations-registry/id=91216/
325,ԱԾՈՒԳ_08,2,http://cpcarmenia.am//hy/declarations-registry/user_id=27824/,ՀՀ գլխավոր դատախազության ապօրինի ծագում ունեցող գույքի բռնագանձման գործերով վարչության դատախազ,Պաշտոնատար անձի տարեկան հայտարարագիր--- (2021),http://cpcarmenia.am/hy/declarations-registry/id=85386/
326,ԱԾՈՒԳ_09,0,http://cpcarmenia.am//hy/declarations-registry/user_id=41193/,ՀՀ գլխավոր դատախազության ապօրինի ծագում ունեցող գույքի բռնագանձման գործերով վարչության դատախազ,Պաշտոնատար անձի պաշտոնեական պարտականություններն ստանձնելու հայտարարագիր--- (2022),http://cpcarmenia.am/hy/declarations-registry/id=100355/
327,ԱԾՈՒԳ_10,0,http://cpcarmenia.am//hy/declarations-registry/user_id=42136/,ՀՀ գլխավոր դատախազության ապօրինի ծագում ունեցող գույքի բռնագանձման գործերով վարչության դատախազ,Պաշտոնատար անձի պաշտոնեական պարտականություններն ստանձնելու հայտարարագիր--- (2022),http://cpcarmenia.am/hy/declarations-registry/id=101110/
3,ԿԿՀ_01,3,http://cpcarmenia.am//hy/declarations-registry/user_id=19912/,Կոռուպցիայի կանխարգելման հանձնաժողովի նախագահ,Պաշտոնատար անձի տարեկան հայտարարագիր--- (2021),http://cpcarmenia.am/hy/declarations-registry/id=94798/
7,ԿԿՀ_02,3,http://cpcarmenia.am//hy/declarations-registry/user_id=19913/,Կոռուպցիայի կանխարգելման հանձնաժողովի անդամ,Պաշտոնատար անձի տարեկան հայտարարագիր--- (2021),http://cpcarmenia.am/hy/declarations-registry/id=89467/
14,ԿԿՀ_03,6,http://cpcarmenia.am//hy/declarations-registry/user_id=5424/,Կոռուպցիայի կանխարգելման հանձնաժողովի անդամ,Պաշտոնատար անձի տարեկան հայտարարագիր--- (2021),http://cpcarmenia.am/hy/declarations-registry/id=97458/
16,ԿԿՀ_04,1,http://cpcarmenia.am//hy/declarations-registry/user_id=34790/,Կոռուպցիայի կանխարգելման հանձնաժողովի անդամ,Պաշտոնատար անձի տարեկան հայտարարագիր--- (2021),http://cpcarmenia.am/hy/declarations-registry/id=81095/
17,ԿԿՀ_05,0,http://cpcarmenia.am//hy/declarations-registry/user_id=42584/,Կոռուպցիայի կանխարգելման հանձնաժողովի գլխավոր քարտուղար,Պաշտոնատար անձի պաշտոնեական պարտականություններն ստանձնելու հայտարարագիր--- (2022),http://cpcarmenia.am/hy/declarations-registry/id=101595/
18,ԿԿՀ_06,0,http://cpcarmenia.am//hy/declarations-registry/user_id=42571/,Կոռուպցիայի կանխարգելման հանձնաժողովի անդամի օգնական,Պաշտոնատար անձի պաշտոնեական պարտականություններն ստանձնելու հայտարարագիր--- (2022),http://cpcarmenia.am/hy/declarations-registry/id=101539/
21,ԿԿՀ_07,2,http://cpcarmenia.am//hy/declarations-registry/user_id=27848/,Կոռուպցիայի կանխարգելման հանձնաժողովի անդամի օգնական,Պաշտոնատար անձի տարեկան հայտարարագիր--- (2021),http://cpcarmenia.am/hy/declarations-registry/id=91088/
23,ԿԿՀ_08,1,http://cpcarmenia.am//hy/declarations-registry/user_id=31224/,Կոռուպցիայի կանխարգելման հանձնաժողովի նախագահի օգնական,Պաշտոնատար անձի տարեկան հայտարարագիր--- (2021),http://cpcarmenia.am/hy/declarations-registry/id=82362/
24,ԿԿՀ_09,0,http://cpcarmenia.am//hy/declarations-registry/user_id=43916/,Կոռուպցիայի կանխարգելման հանձնաժողովի նախագահի օգնական,Պաշտոնատար անձի պաշտոնեական պարտականություններն ստանձնելու հայտարարագիր--- (2022),http://cpcarmenia.am/hy/declarations-registry/id=103137/
249,ՀԴԴ_01,2,http://cpcarmenia.am//hy/declarations-registry/user_id=27148/,Սյունիքի մարզի առաջին ատյանի ընդհանուր իրավասության դատարանի դատավոր,Պաշտոնատար անձի տարեկան հայտարարագիր--- (2021),http://cpcarmenia.am/hy/declarations-registry/id=93457/
252,ՀԴԴ_02,2,http://cpcarmenia.am//hy/declarations-registry/user_id=25507/,Դատավորի օգնական,Պաշտոնատար անձի պաշտոնեական պարտականությունները դադարեցնելու հայտարարագիր--- (2021),http://cpcarmenia.am/hy/declarations-registry/id=82505/
253,ՀԴԴ_02,3,http://cpcarmenia.am//hy/declarations-registry/user_id=25507/,ՀՀ Հակակոռուպցիոն դատարանի հակակոռուպցիոն քաղաքացիական գործերով մասնագիտացմամբ դատավոր,Պաշտոնատար անձի պաշտոնեական պարտականություններն ստանձնելու հայտարարագիր--- (2022),http://cpcarmenia.am/hy/declarations-registry/id=102790/
260,ՀԴԴ_03,6,http://cpcarmenia.am//hy/declarations-registry/user_id=5991/,ՀՀ ԱԱԾ քննչական դեպարտամենտի ավագ քննիչ,Պաշտոնատար անձի տարեկան հայտարարագիր--- (2021),http://cpcarmenia.am/hy/declarations-registry/id=87525/
261,ՀԴԴ_03,7,http://cpcarmenia.am//hy/declarations-registry/user_id=5991/,ՀՀ Հակակոռուպցիոն դատարանի կոռուպցիոն հանցագործությունների վերաբերյալ վարույթներով մասնագիտացմամբ դատավոր,Պաշտոնատար անձի պաշտոնեական պարտականություններն ստանձնելու հայտարարագիր--- (2022),http://cpcarmenia.am/hy/declarations-registry/id=101211/
262,ՀԴԴ_04,0,http://cpcarmenia.am//hy/declarations-registry/user_id=41983/,ՀՀ Հակակոռուպցիոն դատարանի կոռուպցիոն հանցագործությունների վերաբերյալ վարույթներով մասնագիտացմամբ դատավոր,Պաշտոնատար անձի պաշտոնեական պարտականություններն ստանձնելու հայտարարագիր--- (2022),http://cpcarmenia.am/hy/declarations-registry/id=100649/
268,ՀԴԴ_05,5,http://cpcarmenia.am//hy/declarations-registry/user_id=4580/,ՀՀ գլխավոր դատախազության մարդու դեմ ուղղված հանցագործությունների գործերով վարչության պետի տեղակալ,Պաշտոնատար անձի տարեկան հայտարարագիր--- (2021),http://cpcarmenia.am/hy/declarations-registry/id=90274/
272,ՀԴԴ_06,3,http://cpcarmenia.am//hy/declarations-registry/user_id=20427/,չեմ աշխատում,Պաշտոնատար անձի տարեկան հայտարարագիր--- (2021),http://cpcarmenia.am/hy/declarations-registry/id=89665/
273,ՀԴԴ_07,0,http://cpcarmenia.am//hy/declarations-registry/user_id=41984/,ՀՀ Հակակոռուպցիոն դատարանի կոռուպցիոն հանցագործությունների վերաբերյալ վարույթներով մասնագիտացմամբ դատավոր,Պաշտոնատար անձի պաշտոնեական պարտականություններն ստանձնելու հայտարարագիր--- (2022),http://cpcarmenia.am/hy/declarations-registry/id=100619/
274,ՀԴԴ_08,0,http://cpcarmenia.am//hy/declarations-registry/user_id=41985/,ՀՀ Հակակոռուպցիոն դատարանի հակակոռուպցիոն քաղաքացիական գործերով մասնագիտացմամբ դատավոր,Պաշտոնատար անձի պաշտոնեական պարտականություններն ստանձնելու հայտարարագիր--- (2022),http://cpcarmenia.am/hy/declarations-registry/id=100618/
277,ՀԴԴ_09,2,http://cpcarmenia.am//hy/declarations-registry/user_id=26615/,ՀՀ կադաստրի կոմիտեի ղեկավարի տեղակալ,Պաշտոնատար անձի տարեկան հայտարարագիր--- (2021),http://cpcarmenia.am/hy/declarations-registry/id=90921/
279,ՀԴԴ_10,1,http://cpcarmenia.am//hy/declarations-registry/user_id=36139/,ՀՀ դատական դեպարտամենտի ղեկավարի առաջին տեղակալ,Պաշտոնատար անձի տարեկան հայտարարագիր--- (2021),http://cpcarmenia.am/hy/declarations-registry/id=100709/
281,ՀԴԴ_10,3,http://cpcarmenia.am//hy/declarations-registry/user_id=36139/,ՀՀ Հակակոռուպցիոն դատարանի կոռուպցիոն հանցագործությունների վերաբերյալ վարույթներով մասնագիտացմամբ դատավոր,Պաշտոնատար անձի պաշտոնեական պարտականություններն ստանձնելու հայտարարագիր--- (2022),http://cpcarmenia.am/hy/declarations-registry/id=103153/
287,ՀԴԴ_11,5,http://cpcarmenia.am//hy/declarations-registry/user_id=4574/,ՀՀ գլխավոր դատախազության հասարակական անվտանգության դեմ ուղղված հանցագործությունների գործերով վարչության ավագ դատախազ,Պաշտոնատար անձի տարեկան հայտարարագիր--- (2021),http://cpcarmenia.am/hy/declarations-registry/id=92329/
294,ՀԴԴ_12,6,http://cpcarmenia.am//hy/declarations-registry/user_id=4572/,Լոռու մարզի  դատախազի տեղակալ,Պաշտոնատար անձի տարեկան հայտարարագիր--- (2021),http://cpcarmenia.am/hy/declarations-registry/id=86311/
297,ՀԴԴ_13,2,http://cpcarmenia.am//hy/declarations-registry/user_id=25453/,ՀՀ գլխավոր դատախազության ապօրինի ծագում ունեցող գույքի բռնագանձման գործերով վարչության դատախազ,Պաշտոնատար անձի տարեկան հայտարարագիր--- (2021),http://cpcarmenia.am/hy/declarations-registry/id=87550/
25,ՀԿ_01,0,http://cpcarmenia.am//hy/declarations-registry/user_id=38063/,ՀՀ ՀԱԿԱԿՈՌՈՒՊՑԻՈՆ ԿՈՄԻՏԵԻ ՆԱԽԱԳԱՀԻ ԽՈՐՀՐԴԱԿԱՆ,Պաշտոնատար անձի պաշտոնեական պարտականություններն ստանձնելու հայտարարագիր--- (2022),http://cpcarmenia.am/hy/declarations-registry/id=85130/
28,ՀԿ_02,2,http://cpcarmenia.am//hy/declarations-registry/user_id=20429/,ՀՀ ՀԱԿԱԿՈՌՈՒՊՑԻՈՆ ԿՈՄԻՏԵԻ ՆԱԽԱԳԱՀԻ ՕԳՆԱԿԱՆ,Պաշտոնատար անձի տարեկան հայտարարագիր--- (2021),http://cpcarmenia.am/hy/declarations-registry/id=87419/
33,ՀԿ_03,4,http://cpcarmenia.am//hy/declarations-registry/user_id=3492/,ՀՀ ՀԱԿԱԿՈՌՈՒՊՑԻՈՆ ԿՈՄԻՏԵԻ ՔՆՆՉԱԿԱՆ ԵՐԿՐՈՐԴ ՎԱՐՉՈՒԹՅԱՆ ՊԵՏ,Պաշտոնատար անձի տարեկան հայտարարագիր--- (2021),http://cpcarmenia.am/hy/declarations-registry/id=94444/
40,ՀԿ_04,5,http://cpcarmenia.am//hy/declarations-registry/user_id=3491/,ՀՀ ՀԱԿԱԿՈՌՈՒՊՑԻՈՆ ԿՈՄԻՏԵԻ ՆԵՐՔԻՆ ԱՆՎՏԱՆԳՈՒԹՅԱՆ ՎԱՐՉՈՒԹՅԱՆ ՀԱՏԿԱՊԵՍ ԿԱՐԵՎՈՐ ԳՈՐԾԵՐՈՎ ԱՎԱԳ ՔՆՆԻՉ,Պաշտոնատար անձի տարեկան հայտարարագիր--- (2021),http://cpcarmenia.am/hy/declarations-registry/id=91999/
46,ՀԿ_05,5,http://cpcarmenia.am//hy/declarations-registry/user_id=5039/,ՀՀ ՀԱԿԱԿՈՌՈՒՊՑԻՈՆ ԿՈՄԻՏԵԻ ՔՆՆՉԱԿԱՆ ԵՐՐՈՐԴ ՎԱՐՉՈՒԹՅԱՆ ՊԵՏԻ ՏԵՂԱԿԱԼԻ ՊԱՇՏՈՆԱԿԱՏԱՐ,Պաշտոնատար անձի տարեկան հայտարարագիր--- (2021),http://cpcarmenia.am/hy/declarations-registry/id=84760/
52,ՀԿ_06,5,http://cpcarmenia.am//hy/declarations-registry/user_id=4726/,ՀՀ ՀԱԿԱԿՈՌՈՒՊՑԻՈՆ ԿՈՄԻՏԵԻ ՔՆՆՉԱԿԱՆ ԵՐՐՈՐԴ ՎԱՐՉՈՒԹՅԱՆ ՀԱՏԿԱՊԵՍ ԿԱՐԵՎՈՐ ԳՈՐԾԵՐՈՎ ԱՎԱԳ ՔՆՆԻՉ,Պաշտոնատար անձի տարեկան հայտարարագիր--- (2021),http://cpcarmenia.am/hy/declarations-registry/id=90380/
58,ՀԿ_07,5,http://cpcarmenia.am//hy/declarations-registry/user_id=5659/,ՀՀ ՀԱԿԱԿՈՌՈՒՊՑԻՈՆ ԿՈՄԻՏԵԻ ՔՆՆՉԱԿԱՆ ԵՐՐՈՐԴ ՎԱՐՉՈՒԹՅԱՆ ՀԱՏԿԱՊԵՍ ԿԱՐԵՎՈՐ ԳՈՐԾԵՐՈՎ ՔՆՆԻՉ,Պաշտոնատար անձի տարեկան հայտարարագիր--- (2021),http://cpcarmenia.am/hy/declarations-registry/id=91723/
60,ՀԿ_08,1,http://cpcarmenia.am//hy/declarations-registry/user_id=13100/,ՀՀ ՀԱԿԱԿՈՌՈՒՊՑԻՈՆ ԿՈՄԻՏԵԻ ՔՆՆՉԱԿԱՆ ԵՐՐՈՐԴ ՎԱՐՉՈՒԹՅԱՆ ՀԱՏԿԱՊԵՍ ԿԱՐԵՎՈՐ ԳՈՐԾԵՐՈՎ ՔՆՆԻՉ,Պաշտոնատար անձի պաշտոնեական պարտականություններն ստանձնելու հայտարարագիր--- (2022),http://cpcarmenia.am/hy/declarations-registry/id=101750/
71,ՀԿ_09,5,http://cpcarmenia.am//hy/declarations-registry/user_id=3501/,ՀՀ ՀԱԿԱԿՈՌՈՒՊՑԻՈՆ ԿՈՄԻՏԵԻ ՆԵՐՔԻՆ ԱՆՎՏԱՆԳՈՒԹՅԱՆ ՎԱՐՉՈՒԹՅԱՆ ՀԱՏԿԱՊԵՍ ԿԱՐԵՎՈՐ ԳՈՐԾԵՐՈՎ ԱՎԱԳ ՔՆՆԻՉ,Պաշտոնատար անձի տարեկան հայտարարագիր--- (2021),http://cpcarmenia.am/hy/declarations-registry/id=96363/
72,ՀԿ_10,0,http://cpcarmenia.am//hy/declarations-registry/user_id=42610/,ՀՀ ՀԱԿԱԿՈՌՈՒՊՑԻՈՆ ԿՈՄԻՏԵԻ ՆԵՐՔԻՆ ԱՆՎՏԱՆԳՈՒԹՅԱՆ ՎԱՐՉՈՒԹՅԱՆ ԱՎԱԳ ՔՆՆԻՉ,Պաշտոնատար անձի պաշտոնեական պարտականություններն ստանձնելու հայտարարագիր--- (2022),http://cpcarmenia.am/hy/declarations-registry/id=102008/
79,ՀԿ_11,6,http://cpcarmenia.am//hy/declarations-registry/user_id=15430/,ՀՀ ՀԱԿԱԿՈՌՈՒՊՑԻՈՆ ԿՈՄԻՏԵԻ ԳԼԽԱՎՈՐ ՔԱՐՏՈՒՂԱՐ,Պաշտոնատար անձի տարեկան հայտարարագիր--- (2021),http://cpcarmenia.am/hy/declarations-registry/id=90126/
82,ՀԿ_12,2,http://cpcarmenia.am//hy/declarations-registry/user_id=20428/,ՀՀ ՀԱԿԱԿՈՌՈՒՊՑԻՈՆ ԿՈՄԻՏԵԻ ՆԱԽԱԳԱՀԻ ՕԳՆԱԿԱՆ,Պաշտոնատար անձի տարեկան հայտարարագիր--- (2021),http://cpcarmenia.am/hy/declarations-registry/id=87295/
89,ՀԿ_13,6,http://cpcarmenia.am//hy/declarations-registry/user_id=5497/,ՀՀ ՀԱԿԱԿՈՌՈՒՊՑԻՈՆ ԿՈՄԻՏԵԻ ՆԱԽԱԳԱՀԻ ՏԵՂԱԿԱԼԻ ՕԳՆԱԿԱՆ,Պաշտոնատար անձի պաշտոնեական պարտականություններն ստանձնելու հայտարարագիր--- (2022),http://cpcarmenia.am/hy/declarations-registry/id=89082/
93,ՀԿ_14,3,http://cpcarmenia.am//hy/declarations-registry/user_id=4156/,ՀՀ ՀԱԿԱԿՈՌՈՒՊՑԻՈՆ ԿՈՄԻՏԵԻ ՆԱԽԱԳԱՀԻ ՏԵՂԱԿԱԼԻ ՕԳՆԱԿԱՆ,Պաշտոնատար անձի պաշտոնեական պարտականություններն ստանձնելու հայտարարագիր--- (2022),http://cpcarmenia.am/hy/declarations-registry/id=100768/
100,ՀԿ_15,6,http://cpcarmenia.am//hy/declarations-registry/user_id=4852/,ՀՀ ՀԱԿԱԿՈՌՈՒՊՑԻՈՆ ԿՈՄԻՏԵԻ ՔՆՆՉԱԿԱՆ ԱՌԱՋԻՆ ՎԱՐՉՈՒԹՅԱՆ ՊԵՏԻ ՏԵՂԱԿԱԼ,Պաշտոնատար անձի տարեկան հայտարարագիր--- (2021),http://cpcarmenia.am/hy/declarations-registry/id=89617/
106,ՀԿ_16,5,http://cpcarmenia.am//hy/declarations-registry/user_id=5440/,ՀՀ ՀԱԿԱԿՈՌՈՒՊՑԻՈՆ ԿՈՄԻՏԵԻ ՔՆՆՉԱԿԱՆ ԱՌԱՋԻՆ ՎԱՐՉՈՒԹՅԱՆ ՀԱՏԿԱՊԵՍ ԿԱՐԵՎՈՐ ԳՈՐԾԵՐՈՎ ԱՎԱԳ ՔՆՆԻՉ,Պաշտոնատար անձի տարեկան հայտարարագիր--- (2021),http://cpcarmenia.am/hy/declarations-registry/id=95193/
112,ՀԿ_17,5,http://cpcarmenia.am//hy/declarations-registry/user_id=3499/,ՀՀ ՀԱԿԱԿՈՌՈՒՊՑԻՈՆ ԿՈՄԻՏԵԻ ՔՆՆՉԱԿԱՆ ԵՐԿՐՈՐԴ ՎԱՐՉՈՒԹՅԱՆ ՊԵՏԻ ՏԵՂԱԿԱԼ,Պաշտոնատար անձի տարեկան հայտարարագիր--- (2021),http://cpcarmenia.am/hy/declarations-registry/id=92459/
118,ՀԿ_18,5,http://cpcarmenia.am//hy/declarations-registry/user_id=5421/,ՀՀ ՀԱԿԱԿՈՌՈՒՊՑԻՈՆ ԿՈՄԻՏԵԻ ՔՆՆՉԱԿԱՆ ԵՐԿՐՈՐԴ ՎԱՐՉՈՒԹՅԱՆ ՀԱՏԿԱՊԵՍ ԿԱՐԵՎՈՐ ԳՈՐԾԵՐՈՎ ԱՎԱԳ ՔՆՆԻՉ,Պաշտոնատար անձի տարեկան հայտարարագիր--- (2021),http://cpcarmenia.am/hy/declarations-registry/id=90517/
124,ՀԿ_19,5,http://cpcarmenia.am//hy/declarations-registry/user_id=5704/,ՀՀ ՀԱԿԱԿՈՌՈՒՊՑԻՈՆ ԿՈՄԻՏԵԻ ՔՆՆՉԱԿԱՆ ԵՐՐՈՐԴ ՎԱՐՉՈՒԹՅԱՆ ՀԱՏԿԱՊԵՍ ԿԱՐԵՎՈՐ ԳՈՐԾԵՐՈՎ ԱՎԱԳ ՔՆՆԻՉ,Պաշտոնատար անձի տարեկան հայտարարագիր--- (2021),http://cpcarmenia.am/hy/declarations-registry/id=87919/
130,ՀԿ_20,5,http://cpcarmenia.am//hy/declarations-registry/user_id=3493/,ՀՀ ՀԱԿԱԿՈՌՈՒՊՑԻՈՆ ԿՈՄԻՏԵԻ ՆԵՐՔԻՆ ԱՆՎՏԱՆԳՈՒԹՅԱՆ ՎԱՐՉՈՒԹՅԱՆ ՊԵՏ,Պաշտոնատար անձի տարեկան հայտարարագիր--- (2021),http://cpcarmenia.am/hy/declarations-registry/id=86956/
136,ՀԿ_21,5,http://cpcarmenia.am//hy/declarations-registry/user_id=6692/,ՀՀ ՀԱԿԱԿՈՌՈՒՊՑԻՈՆ ԿՈՄԻՏԵԻ ՆԱԽԱԳԱՀԻ ՏԵՂԱԿԱԼ,Պաշտոնատար անձի տարեկան հայտարարագիր--- (2021),http://cpcarmenia.am/hy/declarations-registry/id=91720/
141,ՀԿ_22,4,http://cpcarmenia.am//hy/declarations-registry/user_id=16433/,ՀՀ ՀԱԿԱԿՈՌՈՒՊՑԻՈՆ ԿՈՄԻՏԵԻ ՆԱԽԱԳԱՀԻ ԽՈՐՀՐԴԱԿԱՆ,Պաշտոնատար անձի տարեկան հայտարարագիր--- (2021),http://cpcarmenia.am/hy/declarations-registry/id=85424/
143,ՀԿ_23,1,http://cpcarmenia.am//hy/declarations-registry/user_id=35692/,ՀՀ ՀԱԿԱԿՈՌՈՒՊՑԻՈՆ ԿՈՄԻՏԵԻ ՆԱԽԱԳԱՀԻ ՄԱՄՈՒԼԻ ՔԱՐՏՈՒՂԱՐ,Պաշտոնատար անձի տարեկան հայտարարագիր--- (2021),http://cpcarmenia.am/hy/declarations-registry/id=86950/
149,ՀԿ_24,5,http://cpcarmenia.am//hy/declarations-registry/user_id=6694/,ՀՀ ՀԱԿԱԿՈՌՈՒՊՑԻՈՆ ԿՈՄԻՏԵԻ ՔՆՆՉԱԿԱՆ ԱՌԱՋԻՆ ՎԱՐՉՈՒԹՅԱՆ ՊԵՏ,Պաշտոնատար անձի տարեկան հայտարարագիր--- (2021),http://cpcarmenia.am/hy/declarations-registry/id=94329/
155,ՀԿ_25,5,http://cpcarmenia.am//hy/declarations-registry/user_id=3516/,ՀՀ ՀԱԿԱԿՈՌՈՒՊՑԻՈՆ ԿՈՄԻՏԵԻ ՔՆՆՉԱԿԱՆ ԱՌԱՋԻՆ ՎԱՐՉՈՒԹՅԱՆ ՀԱՏԿԱՊԵՍ ԿԱՐԵՎՈՐ ԳՈՐԾԵՐՈՎ ԱՎԱԳ ՔՆՆԻՉ,Պաշտոնատար անձի տարեկան հայտարարագիր--- (2021),http://cpcarmenia.am/hy/declarations-registry/id=93444/
161,ՀԿ_26,5,http://cpcarmenia.am//hy/declarations-registry/user_id=3515/,ՀՀ ՀԱԿԱԿՈՌՈՒՊՑԻՈՆ ԿՈՄԻՏԵԻ ՔՆՆՉԱԿԱՆ ԱՌԱՋԻՆ ՎԱՐՉՈՒԹՅԱՆ ՀԱՏԿԱՊԵՍ ԿԱՐԵՎՈՐ ԳՈՐԾԵՐՈՎ ԱՎԱԳ ՔՆՆԻՉ,Պաշտոնատար անձի տարեկան հայտարարագիր--- (2021),http://cpcarmenia.am/hy/declarations-registry/id=96817/
167,ՀԿ_27,5,http://cpcarmenia.am//hy/declarations-registry/user_id=3508/,ՀՀ ՀԱԿԱԿՈՌՈՒՊՑԻՈՆ ԿՈՄԻՏԵԻ ՔՆՆՉԱԿԱՆ ԵՐԿՐՈՐԴ ՎԱՐՉՈՒԹՅԱՆ ՀԱՏԿԱՊԵՍ ԿԱՐԵՎՈՐ ԳՈՐԾԵՐՈՎ ԱՎԱԳ ՔՆՆԻՉ,Պաշտոնատար անձի տարեկան հայտարարագիր--- (2021),http://cpcarmenia.am/hy/declarations-registry/id=92617/
173,ՀԿ_28,5,http://cpcarmenia.am//hy/declarations-registry/user_id=4816/,ՀՀ ՀԱԿԱԿՈՌՈՒՊՑԻՈՆ ԿՈՄԻՏԵԻ ՔՆՆՉԱԿԱՆ ԵՐՐՈՐԴ ՎԱՐՉՈՒԹՅԱՆ ՀԱՏԿԱՊԵՍ ԿԱՐԵՎՈՐ ԳՈՐԾԵՐՈՎ ՔՆՆԻՉ,Պաշտոնատար անձի տարեկան հայտարարագիր--- (2021),http://cpcarmenia.am/hy/declarations-registry/id=87010/
180,ՀԿ_29,6,http://cpcarmenia.am//hy/declarations-registry/user_id=5627/,ՀՀ ՀԱԿԱԿՈՌՈՒՊՑԻՈՆ ԿՈՄԻՏԵԻ ՔՆՆՉԱԿԱՆ ԱՌԱՋԻՆ ՎԱՐՉՈՒԹՅԱՆ ՀԱՏԿԱՊԵՍ ԿԱՐԵՎՈՐ ԳՈՐԾԵՐՈՎ ԱՎԱԳ ՔՆՆԻՉ,Պաշտոնատար անձի տարեկան հայտարարագիր--- (2021),http://cpcarmenia.am/hy/declarations-registry/id=94533/
184,ՀԿ_30,3,http://cpcarmenia.am//hy/declarations-registry/user_id=17614/,ՀՀ քննչական կոմիտեի Երևան քաղաքի քննչական վարչության Երևան քաղաքի Ավան և Նոր Նորք վարչական շրջանների քննչական բաժնի ավագ քննիչ,Պաշտոնատար անձի տարեկան հայտարարագիր--- (2021),http://cpcarmenia.am/hy/declarations-registry/id=96454/
186,ՀԿ_30,5,http://cpcarmenia.am//hy/declarations-registry/user_id=17614/,ՀՀ ՀԱԿԱԿՈՌՈՒՊՑԻՈՆ ԿՈՄԻՏԵԻ ՆԵՐՔԻՆ ԱՆՎՏԱՆԳՈՒԹՅԱՆ ՎԱՐՉՈՒԹՅԱՆ ԱՎԱԳ ՔՆՆԻՉ,Պաշտոնատար անձի պաշտոնեական պարտականություններն ստանձնելու հայտարարագիր--- (2022),http://cpcarmenia.am/hy/declarations-registry/id=102011/
192,ՀԿ_31,5,http://cpcarmenia.am//hy/declarations-registry/user_id=4566/,ՀՀ ՀԱԿԱԿՈՌՈՒՊՑԻՈՆ ԿՈՄԻՏԵԻ ՆԱԽԱԳԱՀ,Պաշտոնատար անձի տարեկան հայտարարագիր--- (2021),http://cpcarmenia.am/hy/declarations-registry/id=86879/
198,ՀԿ_32,5,http://cpcarmenia.am//hy/declarations-registry/user_id=3488/,ՀՀ ՀԱԿԱԿՈՌՈՒՊՑԻՈՆ ԿՈՄԻՏԵԻ ՆԱԽԱԳԱՀԻ ՏԵՂԱԿԱԼԻ ՊԱՇՏՈՆԱԿԱՏԱՐ,Պաշտոնատար անձի տարեկան հայտարարագիր--- (2021),http://cpcarmenia.am/hy/declarations-registry/id=86726/
202,ՀԿ_33,3,http://cpcarmenia.am//hy/declarations-registry/user_id=4499/,ՀՀ ՀԱԿԱԿՈՌՈՒՊՑԻՈՆ ԿՈՄԻՏԵԻ ԳԼԽԱՎՈՐ ՔԱՐՏՈՒՂԱՐԻ  ՏԵՂԱԿԱԼ,Պաշտոնատար անձի պաշտոնեական պարտականություններն ստանձնելու հայտարարագիր--- (2022),http://cpcarmenia.am/hy/declarations-registry/id=100264/
208,ՀԿ_34,5,http://cpcarmenia.am//hy/declarations-registry/user_id=3504/,ՀՀ ՀԱԿԱԿՈՌՈՒՊՑԻՈՆ ԿՈՄԻՏԵԻ ՔՆՆՉԱԿԱՆ ԱՌԱՋԻՆ ՎԱՐՉՈՒԹՅԱՆ ՀԱՏԿԱՊԵՍ ԿԱՐԵՎՈՐ ԳՈՐԾԵՐՈՎ ԱՎԱԳ ՔՆՆԻՉ,Պաշտոնատար անձի տարեկան հայտարարագիր--- (2021),http://cpcarmenia.am/hy/declarations-registry/id=93913/
213,ՀԿ_35,4,http://cpcarmenia.am//hy/declarations-registry/user_id=3514/,ՀՀ ՀԱԿԱԿՈՌՈՒՊՑԻՈՆ ԿՈՄԻՏԵԻ ՔՆՆՉԱԿԱՆ ԱՌԱՋԻՆ ՎԱՐՉՈՒԹՅԱՆ ՀԱՏԿԱՊԵՍ ԿԱՐԵՎՈՐ ԳՈՐԾԵՐՈՎ ՔՆՆԻՉ,Պաշտոնատար անձի տարեկան հայտարարագիր--- (2021),http://cpcarmenia.am/hy/declarations-registry/id=93387/
220,ՀԿ_36,5,http://cpcarmenia.am//hy/declarations-registry/user_id=4810/,ՀՀ ՀԱԿԱԿՈՌՈՒՊՑԻՈՆ ԿՈՄԻՏԵԻ ՔՆՆՉԱԿԱՆ ԵՐԿՐՈՐԴ ՎԱՐՉՈՒԹՅԱՆ ՀԱՏԿԱՊԵՍ ԿԱՐԵՎՈՐ ԳՈՐԾԵՐՈՎ ԱՎԱԳ ՔՆՆԻՉ,Պաշտոնատար անձի տարեկան հայտարարագիր--- (2021),http://cpcarmenia.am/hy/declarations-registry/id=89845/
226,ՀԿ_37,5,http://cpcarmenia.am//hy/declarations-registry/user_id=3498/,ՀՀ ՀԱԿԱԿՈՌՈՒՊՑԻՈՆ ԿՈՄԻՏԵԻ ՔՆՆՉԱԿԱՆ ԵՐԿՐՈՐԴ ՎԱՐՉՈՒԹՅԱՆ ՀԱՏԿԱՊԵՍ ԿԱՐԵՎՈՐ ԳՈՐԾԵՐՈՎ ՔՆՆԻՉ,Պաշտոնատար անձի տարեկան հայտարարագիր--- (2021),http://cpcarmenia.am/hy/declarations-registry/id=94554/
231,ՀԿ_38,4,http://cpcarmenia.am//hy/declarations-registry/user_id=3507/,ՀՀ ՀԱԿԱԿՈՌՈՒՊՑԻՈՆ ԿՈՄԻՏԵԻ ՔՆՆՉԱԿԱՆ ԵՐԿՐՈՐԴ ՎԱՐՉՈՒԹՅԱՆ ՀԱՏԿԱՊԵՍ ԿԱՐԵՎՈՐ ԳՈՐԾԵՐՈՎ ՔՆՆԻՉ,Պաշտոնատար անձի տարեկան հայտարարագիր--- (2021),http://cpcarmenia.am/hy/declarations-registry/id=89964/
234,ՀԿ_39,1,http://cpcarmenia.am//hy/declarations-registry/user_id=31703/,ՀՀ ՊԵԿ քննչական վարչության թիվ 2 բաժնի քննիչ,Պաշտոնատար անձի տարեկան հայտարարագիր--- (2021),http://cpcarmenia.am/hy/declarations-registry/id=92913/
240,ՀԿ_40,5,http://cpcarmenia.am//hy/declarations-registry/user_id=3495/,ՀՀ ՀԱԿԱԿՈՌՈՒՊՑԻՈՆ ԿՈՄԻՏԵԻ ՆԵՐՔԻՆ ԱՆՎՏԱՆԳՈՒԹՅԱՆ ՎԱՐՉՈՒԹՅԱՆ ՀԱՏԿԱՊԵՍ ԿԱՐԵՎՈՐ ԳՈՐԾԵՐՈՎ ԱՎԱԳ ՔՆՆԻՉ,Պաշտոնատար անձի տարեկան հայտարարագիր--- (2021),http://cpcarmenia.am/hy/declarations-registry/id=86970/
246,ՀԿ_41,5,http://cpcarmenia.am//hy/declarations-registry/user_id=5638/,ՀՀ ՀԱԿԱԿՈՌՈՒՊՑԻՈՆ ԿՈՄԻՏԵԻ ՆԵՐՔԻՆ ԱՆՎՏԱՆԳՈՒԹՅԱՆ ՎԱՐՉՈՒԹՅԱՆ ՀԱՏԿԱՊԵՍ ԿԱՐԵՎՈՐ ԳՈՐԾԵՐՈՎ ԱՎԱԳ ՔՆՆԻՉ,Պաշտոնատար անձի տարեկան հայտարարագիր--- (2021),http://cpcarmenia.am/hy/declarations-registry/id=96421/